<?xml version="1.0" encoding="UTF-8"?>
<beans xmlns="http://www.springframework.org/schema/beans"
	xmlns:xsi="http://www.w3.org/2001/XMLSchema-instance" 
	xmlns:context="http://www.springframework.org/schema/context"
	xmlns:p="http://www.springframework.org/schema/p" 
	xmlns:tx="http://www.springframework.org/schema/tx"
	xmlns:mvc="http://www.springframework.org/schema/mvc"
	xsi:schemaLocation="http://www.springframework.org/schema/beans 
	   		http://www.springframework.org/schema/beans/spring-beans.xsd
	   		http://www.springframework.org/schema/context
	   		http://www.springframework.org/schema/context/spring-context.xsd
	   		http://www.springframework.org/schema/tx 
			http://www.springframework.org/schema/tx/spring-tx.xsd
			http://www.springframework.org/schema/mvc 
			http://www.springframework.org/schema/mvc/spring-mvc.xsd">
	
	<!-- I18N -->
<bean id="localeResolver" 
   	class="org.springframework.web.servlet.i18n.CookieLocaleResolver">
    <property name="defaultLocale" value="vi" />
    <property name="cookieMaxAge" value="43200" />
</bean>

   <mvc:interceptors>
       <bean id="localeChangeInterceptor" 
       	class="org.springframework.web.servlet.i18n.LocaleChangeInterceptor">
           <property name="paramName" value="language" />
       </bean>
   </mvc:interceptors>

</beans>